{
  "0x829e9cc8d05d0d55b4494ecb5a43d71546dd4ddb": 4.49752,
  "0xf9b026786522251c08d8c49e154d036ef3ad8cc7": 3685.99694,
  "0x6cca86cc27eb8c7c2d10b0672fe392cfc88e62ff": 1.00331,
  "0xda7cf6a0cd5d5e8d10ab55d8ba58257813a239ca": 0.90289,
  "0x4ab6702b3ed3877e9b1f203f90cbef13d663b0e8": 0.80848,
  "0x17c1ae82d99379240059940093762c5e4539aba5": 2.56738,
  "0x2e8135be71230c6b1b4045696d41c09db0414226": 2.39228
}
