{
  "0x0ed7e52944161450477ee417de9cd3a859b14fd0": 0.66292,
  "0x804678fa97d91b974ec2af3c843270886528a9e6": 1.99941,
  "0xa39af17ce4a8eb807e076805da1e2b8ea7d0755b": 11.34252,
  "0x58f876857a02d6762e0101bb5c46a8c1ed44dc16": 1.50162,
  "0x7eb5d86fd78f3852a3e0e064f2842d45a3db6ea2": 7.86648,
  "0x2b3dbba2d1f5158c7ba4b645b7ea187f7f1763af": 1.96993,
  "0x1c5bd1b4a4fc05cc0fb1a0f61136512744ca4f34": 1.71655,
  "0xc9b415b8331e1fb0d2f3442ac8413e279304090f": 0.60608,
  "0xdc9a574b9b341d4a98ce29005b614e1e27430e74": 0.72846,
  "0xa0d4e270d9eb4e41f7ab02337c21692d7eecccb0": 0.25812,
  "0x346575fc7f07e6994d76199e41d13dc1575322e1": 4.4181,
  "0x9ed9e9aa51670a3210fd6078024c21ec6c1d61d9": 17.94132,
  "0x5cf69395345614e349b2117dbc5f6cf5a500a43d": 0.15813,
  "0x70f16782010fa7ddf032a6aacdeed05ac6b0bc85": 0.47636,
  "0x9bafeea2a8bc72b1910ab102ca5f8eca6a67d929": 2.03788,
  "0x1dec73074ce9cabed47d7748410277109b23cda2": 5.27953,
  "0xaf839f4d3620a1eed00ccc21ddc01119c26a75e1": 0.5343,
  "0x43c2abe5e3bcec619072d8668ac83ad825da707f": 0.44903,
  "0x43b95976cf0929478bc13332c9cd2d63bf060976": 0.91849,
  "0x1d0f31bf6171edfeed3d202104ed69b04c936b02": 0.03774,
  "0xfcc860289819c8b754ef31a1709a7952eb940223": 0.00129,
  "0x4d4310f465c6db2081c3d24fa3b571cb29abddb7": 6.82434,
  "0x269043694d070e8811c620bf95485314bcc7b4b7": 4.49704,
  "0x54cd9d6ce45cef4fcc1ac568329254661b28711d": 2.08025,
  "0xc9853537dc498f4667f9e50bf2be6abef9d53149": 9.399,
  "0x9e9b768174ef24233bf8ac2f4131f10ff5e72dee": 2.20721,
  "0x07c10ecfb0e1cf81e3e05ddb693cc114c8ebe498": 0.1068,
  "0x50e4837fc2eeffd34ef78483a89c6afb7dd70c77": 0.1813,
  "0x58aed290f42963a502626774bd8fa03f33c9b71f": 4.56453,
  "0x0d5b9a0f4315a4bce36d1ea7d6b6d3123167afaa": 0.05525,
  "0x76b0d10a4540b6743aa086ea31dc48e8ab691c4d": 4.96837,
  "0xe86eaad81c32ffbb88b7ec9b325c8f75c8c9f1ab": 57.35975,
  "0xac747ad9d61884986ad7a4a6cc5de998ce21b253": 0.91899,
  "0xa63e32feefc6590bbf869070fd2e706eb7881bd2": 27.00624,
  "0x5ca96e8bde0bc587dac9e02422fd205b1102daa4": 0.00161,
  "0x89c68051543fa135b31c2ce7bd8cdf392345ff01": 0.13862,
  "0x800946d29e40199963100d67c9265b1725f80333": 915.5737,
  "0xde8a4f457af12f98db090841579feed384684819": 0.18371,
  "0xbcfd0d4a37feb4dceaaefa9da28cd833e5f04e9f": 4.26291,
  "0x72121d60b0e2f01c0fb7fe32ca24021b42165a40": 4.73996,
  "0x008604a38cd589680f7b8f085dc2d5b4f81151db": 0.05988,
  "0xe68d05418a8d7969d9ca6761ad46f449629d928c": 2.45255,
  "0x70c26e9805ec5df3d4ab0b2a3df86bba2231b6c1": 0.07844,
  "0x74fa517715c4ec65ef01d55ad5335f90dce7cc87": 1.61586,
  "0xf8ca29a3bf6d34691981d3ee8d4c9cd1c437efee": 1.06658,
  "0xaa2527ff1893e0d40d4a454623d362b79e8bb7f1": 0.00832,
  "0x009c58e79779982eb53a9941f9f4a2269d093566": 17.74621,
  "0x25bfd3162360bbd8ff97b86169288b311c2a68d7": 5.14738,
  "0x02d75d7beebf6d5228a3fa5f810cedf2bea5ab1e": 4.51132,
  "0xee456d906a38e10680c9d157fff143390e9681ba": 2.78177,
  "0xe98ac95a1db2fcaaa9c7d4ba7ecfce4877ca2bea": 5.14381,
  "0xf23bad605e94de0e3b60c9718a43a94a5af43915": 2.24122,
  "0xe9f369298565b60a0dc19a6fa93cee934fd1a58c": 1.98109,
  "0xef642c40eebbc964881dd7bd1a0b50e90441e73a": 3.41448,
  "0x3d12e4381901a6b94438758b90881cb03f10b01e": 2.69456,
  "0x401abd5327542c25bad057614935bfd98186a8a1": 0.92219,
  "0x3d5a3e3824da092851026fcda3d8a0b7438c4573": 0.05983,
  "0x41140a1650372fb8cb2f71e335448ab8cfc1c4f3": 0.94929,
  "0x6045931e511ef7e53a4a817f971e0ca28c758809": 4.29271,
  "0x92c3e2cdddb0ce886bca864151bd4d611a86e563": 1.03999,
  "0x7618fdab208ae23690dadd3aa4a42a442313d24e": 0.00054,
  "0x69afe59e88614501c3fdeb7480f12dba0a414032": 2.91093,
  "0xf01ed80d46759c0cf6a3e9c66856017d81284962": 2.6677,
  "0xbe6a4f74fddc88853612c50d7404e059b37692d8": 3.98073,
  "0x55cdb14855220b239cf857a03849d96736b9103f": 0.03761,
  "0x046a9b3a9b743340ee2bc4c6ddd35543e237c6c2": 2.99174,
  "0x58d4b61983ca0afe6e352e90719f403e24e016f4": 0.93762,
  "0x1ccc3cc95c8148477afd18a552f03835be9d182a": 1.71178,
  "0x8ca3ff14a52b080c54a6d1a405eeca02959d39fe": 18.0189,
  "0xbdf0aa1d1985caa357a6ac6661d838da8691c569": 3.76571,
  "0x007ec643c7cc33a70c083fc305c283dd009c8b94": 3.02638,
  "0x53a63ac301d6410915385294527f947aff616599": 0.96793,
  "0xb7e73daee6a6ca37a21f8e4bfba4da448dfe4d92": 4.53906,
  "0x28bdb16b623176426305a70d8b475be73aca71f3": 7.23508,
  "0x8e744ec2795c8b836689d1b4ebe1489204357dac": 2.82212,
  "0x70531b39e2bb4d8da59e2ce41a98eba2990f8497": 14.18673,
  "0x6483f166b9e4310a165a55fea04f867499aded06": 1.32685,
  "0x1ce76390dd210b9c9ae28373fdf79714206ecb73": 5.02471,
  "0xa0ee789a8f581cb92dd9742ed0b5d54a0916976c": 0.47364,
  "0x2eebe0c34da9ba65521e98cbaa7d97496d05f489": 2.03907,
  "0x88c9bf5e334e2591c6a866d5e20683e31226be3d": 1.89911,
  "0x2ae94a6c768d59f5ddc25bd7f12c7cbe1d51dc04": 5.26133,
  "0x141e9558f66cc21c93628400cca7d830c15c2c24": 0.45794,
  "0x486697ae24469cb1122f537924aa46e705b142aa": 3.14844,
  "0x71e6de81381efe0aa98f56b3b43eb3727d640715": 5.45154,
  "0x06043b346450bbcfde066ebc39fdc264fdffed74": 6.65615,
  "0xf924e642f05acc57fc3b14990c2b1a137683b201": 0.9105,
  "0x0a292e96abb35297786a38fdd67dc4f82689e670": 0.8996,
  "0x936928146a21afccd30dfa84824a780572b1630b": 3.12516,
  "0x062f88e2b4896e823ac78ac314468c29eec4186d": 4.02295,
  "0x6db23b5360c9d2859fdcbf41c56494e7b8573649": 0.12298,
  "0x365c3f921b2915a480308d0b1c04aef7b99c2876": 0.00023,
  "0x11c0b2bb4fbb430825d07507a9e24e4c32f7704d": 0.66597,
  "0x88a02d94f437799f06f8c256ff07aa397e6d0016": 6.78753,
  "0x0ecc84c9629317a494f12bc56aa2522475bf32e8": 0.73424,
  "0x2bf2deb40639201c9a94c9e33b4852d9aea5fd2d": 1.39452,
  "0x59fac9e98479fc9979ae2a0c7422af50bcbb9b26": 0.00101,
  "0xb5d108578be3750209d1b3a8f45ffee8c5a75146": 0.46321,
  "0x6a445ceb72c8b1751755386c3990055ff92e14a0": 1.6734,
  "0xfdfde3af740a22648b9dd66d05698e5095940850": 1.84356,
  "0x92247860a03f48d5c6425c7ca35cdcfcb1013aa1": 1.86793,
  "0xc2d00de94795e60fb76bc37d899170996cbda436": 2.52645,
  "0x1472976e0b97f5b2fc93f1fff14e2b5c4447b64f": 3.58152,
  "0x9d2296e2fe3cdbf2eb3e3e2ca8811bafa42eedff": 2.42343,
  "0x89ebf9cd99864f6e51bd7a578965922029cab977": 2.55085,
  "0xec6557348085aa57c72514d67070dc863c0a5a8c": 0.92073,
  "0xba01662e978de7d67f8ffc937726215eb8995d17": 1.05845,
  "0x89ee0491ce55d2f7472a97602a95426216167189": 7.99825,
  "0xea26b78255df2bbc31c1ebf60010d78670185bd0": 2.91251,
  "0xd171b26e4484402de70e3ea256be5a2630d7e88d": 0.87221,
  "0x8fa59693458289914db0097f5f366d771b7a7c3f": 2.20425,
  "0x2e28b9b74d6d99d4697e913b82b41ef1cac51c6c": 0.01261,
  "0xac109c8025f272414fd9e2faa805a583708a017f": 8.64685,
  "0xf45cd219aef8618a92baa7ad848364a158a24f33": 1.62199,
  "0x7752e1fa9f3a2e860856458517008558deb989e3": 2.6093,
  "0xe6b421a4408c82381b226ab5b6f8c4b639044359": 3.2672,
  "0xdde420cbb3794ebd8ffc3ac69f9c78e5d1411870": 0.04018,
  "0xffd4b200d3c77a0b691b5562d804b3bd54294e6e": 2.1714,
  "0x3f1a9f3d9aad8bd339ed4853f345d2ef89fbfe0c": 0.07103,
  "0xcad7019d6d84a3294b0494aef02e73bd0f2572eb": 3.66248,
  "0xf3bc6fc080ffcc30d93df48bfa2aa14b869554bb": 1.96968,
  "0xe834bf723f5bdff34a5d1129f3c31ea4787bc76a": 0.05915,
  "0xc13aa76aac067c86ae38028019f414d731b3d86a": 4.92243,
  "0x16afc4f2ad82986bbe2a4525601f8199ab9c832d": 1.95405,
  "0x942b294e59a8c47a0f7f20df105b082710f7c305": 1.15819,
  "0xc5768c5371568cf1114cddd52caed163a42626ed": 6.09955,
  "0x05faf555522fa3f93959f86b41a3808666093210": 3.69761,
  "0xb2678c414ebc63c9cc6d1a0fc45f43e249b50fde": 0.22511,
  "0x71b01ebddd797c8e9e0b003ea2f4fd207fbf46cc": 1.98566,
  "0x2354ef4df11afacb85a5c7f98b624072eccddbb1": 0.14221,
  "0x66fdb2eccfb58cf098eaa419e5efde841368e489": 1.29527,
  "0x133ee93fe93320e1182923e1a640912ede17c90c": 0.15489,
  "0xd8e2f8b6db204c405543953ef6359912fe3a88d6": 0.1673,
  "0x1bdcebca3b93af70b58c41272aea2231754b23ca": 8.53637,
  "0x014608e87af97a054c9a49f81e1473076d51d9a3": 2.59746,
  "0x03f18135c44c64ebfdcbad8297fe5bdafdbbdd86": 6.51021,
  "0x16b9a82891338f9ba80e2d6970fdda79d1eb0dae": 6.79026,
  "0xacf47cbeaab5c8a6ee99263cfe43995f89fb3206": 0.83161,
  "0x61eb789d75a95caa3ff50ed7e47b96c132fec082": 1.56306,
  "0x74e4716e431f45807dcf19f284c7aa99f18a4fbc": 1.38139,