{
  "0x0ed7e52944161450477ee417de9cd3a859b14fd0": 0.45107,
  "0x804678fa97d91b974ec2af3c843270886528a9e6": 2.42039,
  "0xa39af17ce4a8eb807e076805da1e2b8ea7d0755b": 7.23468,
  "0x58f876857a02d6762e0101bb5c46a8c1ed44dc16": 3.70111,
  "0x7eb5d86fd78f3852a3e0e064f2842d45a3db6ea2": 1.88036,
  "0x2b3dbba2d1f5158c7ba4b645b7ea187f7f1763af": 0.79137,
  "0x1c5bd1b4a4fc05cc0fb1a0f61136512744ca4f34": 1.26674,
  "0xc9b415b8331e1fb0d2f3442ac8413e279304090f": 0.15798,
  "0xdc9a574b9b341d4a98ce29005b614e1e27430e74": 1.37175,
  "0xa0d4e270d9eb4e41f7ab02337c21692d7eecccb0": 0.32836,
  "0x346575fc7f07e6994d76199e41d13dc1575322e1": 2.01638,
  "0x9ed9e9aa51670a3210fd6078024c21ec6c1d61d9": 8.96601,
  "0x5cf69395345614e349b2117dbc5f6cf5a500a43d": 0.06459,
  "0x70f16782010fa7ddf032a6aacdeed05ac6b0bc85": 0.56589,
  "0x9bafeea2a8bc72b1910ab102ca5f8eca6a67d929": 2.31438,
  "0x1dec73074ce9cabed47d7748410277109b23cda2": 12.42171,
  "0xaf839f4d3620a1eed00ccc21ddc01119c26a75e1": 2.12172,
  "0x43c2abe5e3bcec619072d8668ac83ad825da707f": 0.93429,
  "0x43b95976cf0929478bc13332c9cd2d63bf060976": 1.50797,
  "0x1d0f31bf6171edfeed3d202104ed69b04c936b02": 0.005,
  "0xfcc860289819c8b754ef31a1709a7952eb940223": 0.00114,
  "0x4d4310f465c6db2081c3d24fa3b571cb29abddb7": 1.99132,
  "0x269043694d070e8811c620bf95485314bcc7b4b7": 7.68698,
  "0x54cd9d6ce45cef4fcc1ac568329254661b28711d": 1.0224,
  "0xc9853537dc498f4667f9e50bf2be6abef9d53149": 12.30652,
  "0x9e9b768174ef24233bf8ac2f4131f10ff5e72dee": 6.16689,
  "0x07c10ecfb0e1cf81e3e05ddb693cc114c8ebe498": 0.07904,
  "0x50e4837fc2eeffd34ef78483a89c6afb7dd70c77": 0.79987,
  "0x58aed290f42963a502626774bd8fa03f33c9b71f": 16.41644,
  "0x0d5b9a0f4315a4bce36d1ea7d6b6d3123167afaa": 0.18592,
  "0x76b0d10a4540b6743aa086ea31dc48e8ab691c4d": 1.59106,
  "0xe86eaad81c32ffbb88b7ec9b325c8f75c8c9f1ab": 2.51686,
  "0xac747ad9d61884986ad7a4a6cc5de998ce21b253": 8.99919,
  "0xa63e32feefc6590bbf869070fd2e706eb7881bd2": 8.07939,
  "0x5ca96e8bde0bc587dac9e02422fd205b1102daa4": 0.00217,
  "0x89c68051543fa135b31c2ce7bd8cdf392345ff01": 0.42551,
  "0x800946d29e40199963100d67c9265b1725f80333": 1.0988,
  "0xde8a4f457af12f98db090841579feed384684819": 0.11459,
  "0xbcfd0d4a37feb4dceaaefa9da28cd833e5f04e9f": 4.51449,
  "0x72121d60b0e2f01c0fb7fe32ca24021b42165a40": 9.87039,
  "0x008604a38cd589680f7b8f085dc2d5b4f81151db": 0.13119,
  "0xe68d05418a8d7969d9ca6761ad46f449629d928c": 6.93327,
  "0x70c26e9805ec5df3d4ab0b2a3df86bba2231b6c1": 0.13323,
  "0x74fa517715c4ec65ef01d55ad5335f90dce7cc87": 1.81233,
  "0xf8ca29a3bf6d34691981d3ee8d4c9cd1c437efee": 0.65831,
  "0xaa2527ff1893e0d40d4a454623d362b79e8bb7f1": 0.00073,
  "0x009c58e79779982eb53a9941f9f4a2269d093566": 8.89556,
  "0x25bfd3162360bbd8ff97b86169288b311c2a68d7": 9.74382,
  "0x02d75d7beebf6d5228a3fa5f810cedf2bea5ab1e": 0.75972,
  "0xee456d906a38e10680c9d157fff143390e9681ba": 1.37591,
  "0xe98ac95a1db2fcaaa9c7d4ba7ecfce4877ca2bea": 6.22449,
  "0xf23bad605e94de0e3b60c9718a43a94a5af43915": 12.771,
  "0xe9f369298565b60a0dc19a6fa93cee934fd1a58c": 0.53206,
  "0xef642c40eebbc964881dd7bd1a0b50e90441e73a": 2.38702,
  "0x3d12e4381901a6b94438758b90881cb03f10b01e": 1.63013,
  "0x401abd5327542c25bad057614935bfd98186a8a1": 3.14422,
  "0x3d5a3e3824da092851026fcda3d8a0b7438c4573": 0.17362,
  "0x41140a1650372fb8cb2f71e335448ab8cfc1c4f3": 0.8667,
  "0x6045931e511ef7e53a4a817f971e0ca28c758809": 2.60879,
  "0x92c3e2cdddb0ce886bca864151bd4d611a86e563": 0.27405,
  "0x7618fdab208ae23690dadd3aa4a42a442313d24e": 0.0005,
  "0x69afe59e88614501c3fdeb7480f12dba0a414032": 0.53241,
  "0xf01ed80d46759c0cf6a3e9c66856017d81284962": 9.15869,
  "0xbe6a4f74fddc88853612c50d7404e059b37692d8": 0.89167,
  "0x55cdb14855220b239cf857a03849d96736b9103f": 0.0411,
  "0x046a9b3a9b743340ee2bc4c6ddd35543e237c6c2": 2.37934,
  "0x58d4b61983ca0afe6e352e90719f403e24e016f4": 1.66703,
  "0x1ccc3cc95c8148477afd18a552f03835be9d182a": 1.01393,
  "0x8ca3ff14a52b080c54a6d1a405eeca02959d39fe": 1.9922,
  "0xbdf0aa1d1985caa357a6ac6661d838da8691c569": 0.36739,
  "0x007ec643c7cc33a70c083fc305c283dd009c8b94": 3.82555,
  "0x53a63ac301d6410915385294527f947aff616599": 0.00461,
  "0xb7e73daee6a6ca37a21f8e4bfba4da448dfe4d92": 2.73326,
  "0x28bdb16b623176426305a70d8b475be73aca71f3": 6.13651,
  "0x8e744ec2795c8b836689d1b4ebe1489204357dac": 2.29336,
  "0x70531b39e2bb4d8da59e2ce41a98eba2990f8497": 7.11437,
  "0x6483f166b9e4310a165a55fea04f867499aded06": 0.85973,
  "0x1ce76390dd210b9c9ae28373fdf79714206ecb73": 3.49127,
  "0xa0ee789a8f581cb92dd9742ed0b5d54a0916976c": 2.77055,
  "0x2eebe0c34da9ba65521e98cbaa7d97496d05f489": 0.83002,
  "0x88c9bf5e334e2591c6a866d5e20683e31226be3d": 0.53815,
  "0x2ae94a6c768d59f5ddc25bd7f12c7cbe1d51dc04": 10.00502,
  "0x141e9558f66cc21c93628400cca7d830c15c2c24": 0.00006,
  "0x486697ae24469cb1122f537924aa46e705b142aa": 4.23869,
  "0x71e6de81381efe0aa98f56b3b43eb3727d640715": 2.87817,
  "0x06043b346450bbcfde066ebc39fdc264fdffed74": 2.25092,
  "0xf924e642f05acc57fc3b14990c2b1a137683b201": 0.92328,
  "0x0a292e96abb35297786a38fdd67dc4f82689e670": 1.7502,
  "0x936928146a21afccd30dfa84824a780572b1630b": 2.50415,
  "0x062f88e2b4896e823ac78ac314468c29eec4186d": 2.99881,
  "0x6db23b5360c9d2859fdcbf41c56494e7b8573649": 0.57104,
  "0x365c3f921b2915a480308d0b1c04aef7b99c2876": 0.05786,
  "0x11c0b2bb4fbb430825d07507a9e24e4c32f7704d": 2.28445,
  "0x88a02d94f437799f06f8c256ff07aa397e6d0016": 21.69282,
  "0x0ecc84c9629317a494f12bc56aa2522475bf32e8": 0.93805,
  "0x2bf2deb40639201c9a94c9e33b4852d9aea5fd2d": 2.38758,
  "0x59fac9e98479fc9979ae2a0c7422af50bcbb9b26": 0.00108,
  "0xb5d108578be3750209d1b3a8f45ffee8c5a75146": 0.42813,
  "0x6a445ceb72c8b1751755386c3990055ff92e14a0": 0.88989,
  "0xfdfde3af740a22648b9dd66d05698e5095940850": 3.35004,
  "0x92247860a03f48d5c6425c7ca35cdcfcb1013aa1": 1.7147,
  "0xc2d00de94795e60fb76bc37d899170996cbda436": 3.30893,
  "0x1472976e0b97f5b2fc93f1fff14e2b5c4447b64f": 3.36021,
  "0x9d2296e2fe3cdbf2eb3e3e2ca8811bafa42eedff": 1.54071,
  "0x89ebf9cd99864f6e51bd7a578965922029cab977": 2.4685,
  "0xec6557348085aa57c72514d67070dc863c0a5a8c": 1.54591,
  "0xba01662e978de7d67f8ffc937726215eb8995d17": 0.38987,
  "0x89ee0491ce55d2f7472a97602a95426216167189": 5.63735,
  "0xea26b78255df2bbc31c1ebf60010d78670185bd0": 4.60653,
  "0xd171b26e4484402de70e3ea256be5a2630d7e88d": 1.13653,
  "0x8fa59693458289914db0097f5f366d771b7a7c3f": 3.41833,
  "0x2e28b9b74d6d99d4697e913b82b41ef1cac51c6c": 0.37992,
  "0xac109c8025f272414fd9e2faa805a583708a017f": 9.75544,
  "0xf45cd219aef8618a92baa7ad848364a158a24f33": 3.2478,
  "0x7752e1fa9f3a2e860856458517008558deb989e3": 1.98819,
  "0xe6b421a4408c82381b226ab5b6f8c4b639044359": 2.48133,
  "0xdde420cbb3794ebd8ffc3ac69f9c78e5d1411870": 0.08533,
  "0xffd4b200d3c77a0b691b5562d804b3bd54294e6e": 1.77542,
  "0x3f1a9f3d9aad8bd339ed4853f345d2ef89fbfe0c": 0.08119,
  "0xcad7019d6d84a3294b0494aef02e73bd0f2572eb": 4.87723,
  "0xf3bc6fc080ffcc30d93df48bfa2aa14b869554bb": 0.43776,
  "0xe834bf723f5bdff34a5d1129f3c31ea4787bc76a": 0.31391,
  "0xc13aa76aac067c86ae38028019f414d731b3d86a": 3.94475,
  "0x16afc4f2ad82986bbe2a4525601f8199ab9c832d": 2.02297,
  "0x942b294e59a8c47a0f7f20df105b082710f7c305": 2.16656,
  "0xc5768c5371568cf1114cddd52caed163a42626ed": 5.91795,
  "0x05faf555522fa3f93959f86b41a3808666093210": 5.90997,
  "0xb2678c414ebc63c9cc6d1a0fc45f43e249b50fde": 2.25575,
  "0x71b01ebddd797c8e9e0b003ea2f4fd207fbf46cc": 3.16572,
  "0x2354ef4df11afacb85a5c7f98b624072eccddbb1": 1.01636,
  "0x66fdb2eccfb58cf098eaa419e5efde841368e489": 0.32825,
  "0x133ee93fe93320e1182923e1a640912ede17c90c": 0.27907,
  "0xd8e2f8b6db204c405543953ef6359912fe3a88d6": 3.39814,
  "0x1bdcebca3b93af70b58c41272aea2231754b23ca": 8.22751,
  "0x014608e87af97a054c9a49f81e1473076d51d9a3": 3.05089,
  "0x03f18135c44c64ebfdcbad8297fe5bdafdbbdd86": 8.77492,
  "0x16b9a82891338f9ba80e2d6970fdda79d1eb0dae": 13.71949,
  "0xacf47cbeaab5c8a6ee99263cfe43995f89fb3206": 0.54618,
  "0x61eb789d75a95caa3ff50ed7e47b96c132fec082": 1.8657,
  "0x74e4716e431f45807dcf19f284c7aa99f18a4fbc": 2.56721,