{
  "0x0ed7e52944161450477ee417de9cd3a859b14fd0": 0.84296,
  "0x804678fa97d91b974ec2af3c843270886528a9e6": 3.13794,
  "0xa39af17ce4a8eb807e076805da1e2b8ea7d0755b": 9.56531,
  "0x58f876857a02d6762e0101bb5c46a8c1ed44dc16": 3.56303,
  "0x7eb5d86fd78f3852a3e0e064f2842d45a3db6ea2": 13.35258,
  "0x2b3dbba2d1f5158c7ba4b645b7ea187f7f1763af": 0.76017,
  "0x1c5bd1b4a4fc05cc0fb1a0f61136512744ca4f34": 1.91571,
  "0xc9b415b8331e1fb0d2f3442ac8413e279304090f": 0.30389,
  "0xdc9a574b9b341d4a98ce29005b614e1e27430e74": 0.41276,
  "0xa0d4e270d9eb4e41f7ab02337c21692d7eecccb0": 0.12343,
  "0x346575fc7f07e6994d76199e41d13dc1575322e1": 1.98215,
  "0x9ed9e9aa51670a3210fd6078024c21ec6c1d61d9": 76.93565,
  "0x5cf69395345614e349b2117dbc5f6cf5a500a43d": 0.18647,
  "0x70f16782010fa7ddf032a6aacdeed05ac6b0bc85": 0.46137,
  "0x9bafeea2a8bc72b1910ab102ca5f8eca6a67d929": 0.61148,
  "0x1dec73074ce9cabed47d7748410277109b23cda2": 5.85721,
  "0xaf839f4d3620a1eed00ccc21ddc01119c26a75e1": 0.90645,
  "0x43c2abe5e3bcec619072d8668ac83ad825da707f": 7.63613,
  "0x43b95976cf0929478bc13332c9cd2d63bf060976": 2.66945,
  "0x1d0f31bf6171edfeed3d202104ed69b04c936b02": 0.0717,
  "0xfcc860289819c8b754ef31a1709a7952eb940223": 0.01344,
  "0x4d4310f465c6db2081c3d24fa3b571cb29abddb7": 6.67211,
  "0x269043694d070e8811c620bf95485314bcc7b4b7": 4.90693,
  "0x54cd9d6ce45cef4fcc1ac568329254661b28711d": 1.91819,
  "0xc9853537dc498f4667f9e50bf2be6abef9d53149": 6.67995,
  "0x9e9b768174ef24233bf8ac2f4131f10ff5e72dee": 5.59352,
  "0x07c10ecfb0e1cf81e3e05ddb693cc114c8ebe498": 0.93206,
  "0x50e4837fc2eeffd34ef78483a89c6afb7dd70c77": 0.46132,
  "0x58aed290f42963a502626774bd8fa03f33c9b71f": 1.5154,
  "0x0d5b9a0f4315a4bce36d1ea7d6b6d3123167afaa": 0.08293,
  "0x76b0d10a4540b6743aa086ea31dc48e8ab691c4d": 6.15099,
  "0xe86eaad81c32ffbb88b7ec9b325c8f75c8c9f1ab": 0.92657,
  "0xac747ad9d61884986ad7a4a6cc5de998ce21b253": 33.76015,
  "0xa63e32feefc6590bbf869070fd2e706eb7881bd2": 10.49725,
  "0x5ca96e8bde0bc587dac9e02422fd205b1102daa4": 0.00061,
  "0x89c68051543fa135b31c2ce7bd8cdf392345ff01": 0.6208,
  "0x800946d29e40199963100d67c9265b1725f80333": 9.96191,
  "0xde8a4f457af12f98db090841579feed384684819": 1.76044,
  "0xbcfd0d4a37feb4dceaaefa9da28cd833e5f04e9f": 3.38037,
  "0x72121d60b0e2f01c0fb7fe32ca24021b42165a40": 9.17092,
  "0x008604a38cd589680f7b8f085dc2d5b4f81151db": 0.01639,
  "0xe68d05418a8d7969d9ca6761ad46f449629d928c": 2.83662,
  "0x70c26e9805ec5df3d4ab0b2a3df86bba2231b6c1": 0.48966,
  "0x74fa517715c4ec65ef01d55ad5335f90dce7cc87": 1.47058,
  "0xf8ca29a3bf6d34691981d3ee8d4c9cd1c437efee": 0.73935,
  "0xaa2527ff1893e0d40d4a454623d362b79e8bb7f1": 0.02043,
  "0x009c58e79779982eb53a9941f9f4a2269d093566": 5.15343,
  "0x25bfd3162360bbd8ff97b86169288b311c2a68d7": 3.39464,
  "0x02d75d7beebf6d5228a3fa5f810cedf2bea5ab1e": 0.42691,
  "0xee456d906a38e10680c9d157fff143390e9681ba": 2.50099,
  "0xe98ac95a1db2fcaaa9c7d4ba7ecfce4877ca2bea": 22.12452,
  "0xf23bad605e94de0e3b60c9718a43a94a5af43915": 7.44607,
  "0xe9f369298565b60a0dc19a6fa93cee934fd1a58c": 2.13557,
  "0xef642c40eebbc964881dd7bd1a0b50e90441e73a": 4.11848,
  "0x3d12e4381901a6b94438758b90881cb03f10b01e": 9.22902,
  "0x401abd5327542c25bad057614935bfd98186a8a1": 2.98234,
  "0x3d5a3e3824da092851026fcda3d8a0b7438c4573": 0.06133,
  "0x41140a1650372fb8cb2f71e335448ab8cfc1c4f3": 3.0555,
  "0x6045931e511ef7e53a4a817f971e0ca28c758809": 3.01299,
  "0x92c3e2cdddb0ce886bca864151bd4d611a86e563": 0.35658,
  "0x7618fdab208ae23690dadd3aa4a42a442313d24e": 0.06124,
  "0x69afe59e88614501c3fdeb7480f12dba0a414032": 2.85309,
  "0xf01ed80d46759c0cf6a3e9c66856017d81284962": 22.58224,
  "0xbe6a4f74fddc88853612c50d7404e059b37692d8": 5.06398,
  "0x55cdb14855220b239cf857a03849d96736b9103f": 0.13909,
  "0x046a9b3a9b743340ee2bc4c6ddd35543e237c6c2": 2.96624,
  "0x58d4b61983ca0afe6e352e90719f403e24e016f4": 0.11531,
  "0x1ccc3cc95c8148477afd18a552f03835be9d182a": 5.84785,
  "0x8ca3ff14a52b080c54a6d1a405eeca02959d39fe": 8.08303,
  "0xbdf0aa1d1985caa357a6ac6661d838da8691c569": 1.67241,
  "0x007ec643c7cc33a70c083fc305c283dd009c8b94": 8.74272,
  "0x53a63ac301d6410915385294527f947aff616599": 0.07506,
  "0xb7e73daee6a6ca37a21f8e4bfba4da448dfe4d92": 2.13311,
  "0x28bdb16b623176426305a70d8b475be73aca71f3": 5.89633,
  "0x8e744ec2795c8b836689d1b4ebe1489204357dac": 4.45335,
  "0x70531b39e2bb4d8da59e2ce41a98eba2990f8497": 7.80904,
  "0x6483f166b9e4310a165a55fea04f867499aded06": 2.07647,
  "0x1ce76390dd210b9c9ae28373fdf79714206ecb73": 7.14341,
  "0xa0ee789a8f581cb92dd9742ed0b5d54a0916976c": 1.19172,
  "0x2eebe0c34da9ba65521e98cbaa7d97496d05f489": 2.98599,
  "0x88c9bf5e334e2591c6a866d5e20683e31226be3d": 0.61046,
  "0x2ae94a6c768d59f5ddc25bd7f12c7cbe1d51dc04": 11.56357,
  "0x141e9558f66cc21c93628400cca7d830c15c2c24": 0.21191,
  "0x486697ae24469cb1122f537924aa46e705b142aa": 9.69332,
  "0x71e6de81381efe0aa98f56b3b43eb3727d640715": 7.18037,
  "0x06043b346450bbcfde066ebc39fdc264fdffed74": 8.06691,
  "0xf924e642f05acc57fc3b14990c2b1a137683b201": 1.64949,
  "0x0a292e96abb35297786a38fdd67dc4f82689e670": 2.22705,
  "0x936928146a21afccd30dfa84824a780572b1630b": 2.41825,
  "0x062f88e2b4896e823ac78ac314468c29eec4186d": 2.25672,
  "0x6db23b5360c9d2859fdcbf41c56494e7b8573649": 0.50859,
  "0x365c3f921b2915a480308d0b1c04aef7b99c2876": 0.04993,
  "0x11c0b2bb4fbb430825d07507a9e24e4c32f7704d": 4.68278,
  "0x88a02d94f437799f06f8c256ff07aa397e6d0016": 4.75882,
  "0x0ecc84c9629317a494f12bc56aa2522475bf32e8": 1.43013,
  "0x2bf2deb40639201c9a94c9e33b4852d9aea5fd2d": 0.19257,
  "0x59fac9e98479fc9979ae2a0c7422af50bcbb9b26": 0.00241,
  "0xb5d108578be3750209d1b3a8f45ffee8c5a75146": 0.8184,
  "0x6a445ceb72c8b1751755386c3990055ff92e14a0": 1.30893,
  "0xfdfde3af740a22648b9dd66d05698e5095940850": 3.60965,
  "0x92247860a03f48d5c6425c7ca35cdcfcb1013aa1": 3.11202,
  "0xc2d00de94795e60fb76bc37d899170996cbda436": 4.83255,
  "0x1472976e0b97f5b2fc93f1fff14e2b5c4447b64f": 6.66648,
  "0x9d2296e2fe3cdbf2eb3e3e2ca8811bafa42eedff": 2.27793,
  "0x89ebf9cd99864f6e51bd7a578965922029cab977": 6.48475,
  "0xec6557348085aa57c72514d67070dc863c0a5a8c": 1.70472,
  "0xba01662e978de7d67f8ffc937726215eb8995d17": 1.89145,
  "0x89ee0491ce55d2f7472a97602a95426216167189": 8.3472,
  "0xea26b78255df2bbc31c1ebf60010d78670185bd0": 2.44642,
  "0xd171b26e4484402de70e3ea256be5a2630d7e88d": 0.58924,
  "0x8fa59693458289914db0097f5f366d771b7a7c3f": 1.66869,
  "0x2e28b9b74d6d99d4697e913b82b41ef1cac51c6c": 0.24499,
  "0xac109c8025f272414fd9e2faa805a583708a017f": 4.81414,
  "0xf45cd219aef8618a92baa7ad848364a158a24f33": 1.31836,
  "0x7752e1fa9f3a2e860856458517008558deb989e3": 2.50452,
  "0xe6b421a4408c82381b226ab5b6f8c4b639044359": 5.50792,
  "0xdde420cbb3794ebd8ffc3ac69f9c78e5d1411870": 0.19973,
  "0xffd4b200d3c77a0b691b5562d804b3bd54294e6e": 2.77946,
  "0x3f1a9f3d9aad8bd339ed4853f345d2ef89fbfe0c": 0.27478,
  "0xcad7019d6d84a3294b0494aef02e73bd0f2572eb": 14.61894,
  "0xf3bc6fc080ffcc30d93df48bfa2aa14b869554bb": 0.16715,
  "0xe834bf723f5bdff34a5d1129f3c31ea4787bc76a": 0.22418,
  "0xc13aa76aac067c86ae38028019f414d731b3d86a": 6.78106,
  "0x16afc4f2ad82986bbe2a4525601f8199ab9c832d": 5.2503,
  "0x942b294e59a8c47a0f7f20df105b082710f7c305": 3.14896,
  "0xc5768c5371568cf1114cddd52caed163a42626ed": 12.24355,
  "0x05faf555522fa3f93959f86b41a3808666093210": 8.73668,
  "0xb2678c414ebc63c9cc6d1a0fc45f43e249b50fde": 3.06549,
  "0x71b01ebddd797c8e9e0b003ea2f4fd207fbf46cc": 2.04729,
  "0x2354ef4df11afacb85a5c7f98b624072eccddbb1": 0.58304,
  "0x66fdb2eccfb58cf098eaa419e5efde841368e489": 1.06947,
  "0x133ee93fe93320e1182923e1a640912ede17c90c": 0.30882,
  "0xd8e2f8b6db204c405543953ef6359912fe3a88d6": 0.48608,
  "0x1bdcebca3b93af70b58c41272aea2231754b23ca": 18.84013,
  "0x014608e87af97a054c9a49f81e1473076d51d9a3": 8.34872,
  "0x03f18135c44c64ebfdcbad8297fe5bdafdbbdd86": 3.2599,
  "0x16b9a82891338f9ba80e2d6970fdda79d1eb0dae": 10.97171,
  "0xacf47cbeaab5c8a6ee99263cfe43995f89fb3206": 2.40328,
  "0x61eb789d75a95caa3ff50ed7e47b96c132fec082": 3.4533,
  "0x74e4716e431f45807dcf19f284c7aa99f18a4fbc": 0.99117,